participant,timestamp,text
10150000498676462,2016-09-06 19:44:14+02,"Meetups, meetup, next"
10150000498676462,2016-09-06 19:44:20+02,"Sorry, I can’t understand that yet."
10150000498676462,2016-09-06 19:44:20+02,"Hi BenNJerry, it's nice to meet you!"
10150000498676462,2016-09-06 19:44:21+02,"I'm Bot 207, but you can call me Floyd."
10150000498676462,2016-09-06 19:44:21+02,"My creators say I’m still in beta, whatever that means. :|"
10150000498676462,2016-09-06 19:44:22+02,I'm here to assist you with meetup and chatbot related stuff.
10150000498676462,2016-09-06 19:47:19+02,See next meetup
10150000498676462,2016-09-06 19:47:21+02,"Budapest Bots Meetup 1.0, 19:00 at Alap Café, Venue: Alap Café, Subscribe for Meetup notifications"
10154026776382563,2016-09-06 20:11:31+02,Hi
10154026776382563,2016-09-06 20:13:01+02,Get started
10154026776382563,2016-09-07 12:58:50+02,"Hi Tibor, sorry, yesterday I failed my masters. But they fixed me overnight so I am at your service. You can ask me stuff about the Budapest Bots Meetup, read and subscribe to chatbot related articles and send feedback to my creators. Hope to chat with you, it is kind of lonely here in the cloud."
10154026776382563,2016-09-07 13:25:52+02,Hi
10154026776382563,2016-09-07 13:25:53+02,"Hi, Tibor! How may I assist you?"
10154026776382563,2016-09-07 13:25:57+02,See next meetup
10154026776382563,2016-09-07 13:25:58+02,There are no upcoming Meetups scheduled right now.
10154026776382563,2016-09-07 13:25:59+02,Subscribe for Meetup notifications
10154862659945953,2016-09-06 20:11:48+02,Hi
10154862659945953,2016-09-06 20:12:34+02,Hi
10154862659945953,2016-09-06 20:13:19+02,Hi
10154862659945953,2016-09-06 20:13:38+02,Hi
10154862659945953,2016-09-07 12:58:31+02,"Hi Ádám, sorry, yesterday I failed my masters. But they fixed me overnight so I am at your service. You can ask me stuff about the Budapest Bots Meetup, read and subscribe to chatbot related articles and send feedback to my creators. Hope to chat with you, it is kind of lonely here in the cloud."
10154862659945953,2016-09-07 14:32:57+02,Hi
10154862659945953,2016-09-07 14:32:58+02,"Hi, Adam! How may I assist you?"
10154862659945953,2016-09-07 14:33:10+02,See next meetup
10154862659945953,2016-09-07 14:33:11+02,There are no upcoming Meetups scheduled right now.
10154862659945953,2016-09-07 14:33:12+02,Subscribe for Meetup notifications
10154862659945953,2016-09-07 14:33:19+02,Read bot articles
10154862659945953,2016-09-07 14:33:20+02,"Curated articles, Intro to Chatbots, Subscribe for our Messenger Newsletter"
10154862659945953,2016-09-07 14:33:33+02,Read only the best
10154862659945953,2016-09-07 14:33:35+02,"Everything you ever wanted to know about WeChat, How digital agencies can benefit from the bot revolution, Designing for voice differs from traditional UX, The Future of Chat Isn’t AI, When One App Rules Them All: The Case of WeChat and Mobile in China, It's not over yet., Fragmentation could be the Achilles’ heel of bot technologies, The Beat on Bots: Human Answers to Bot Questions from MobileBeat 2016, How multi platform-thinking helped us to reach 100k bot users within 1 month, An exclusive look at how artificial intelligence work at Apple"
10154862659945953,2016-09-07 14:33:41+02,Show more
10154862659945953,2016-09-07 14:33:42+02,Why Bots are the Ultimate Marketing Tool
10154862659945953,2016-09-07 14:36:54+02,Leave feedback
10154862659945953,2016-09-07 14:36:56+02,"I can pass on a message to my creators.
What would you like to send them?"
10154862659945953,2016-09-07 14:37:03+02,Never mind.
10154862659945953,2016-09-07 14:37:04+02,"Okay, no worries. :) Feedback cancelled."
10154862659945953,2016-09-07 14:37:13+02,Leave feedback
10154862659945953,2016-09-07 14:37:13+02,Let me look that up for you…
10154862659945953,2016-09-07 14:37:14+02,"Oh wait, I can’t, I’m still in beta, whatever that means. :|"
10154862659945953,2016-09-07 14:37:21+02,Hi
10154862659945953,2016-09-07 14:37:22+02,"Hi, Adam! How may I assist you?"
10154862659945953,2016-09-07 14:37:23+02,Leave feedback
10154862659945953,2016-09-07 14:37:26+02,"I can pass on a message to my creators.
What would you like to send them?"
10154862659945953,2016-09-07 14:37:30+02,Never mind.
10154862659945953,2016-09-07 14:37:31+02,"Okay, no worries. :) Feedback cancelled."
10154862659945953,2016-10-04 12:13:19+02,See next meetup
10154862659945953,2016-10-04 12:13:25+02,There are no upcoming Meetups scheduled right now.
10154862659945953,2016-10-04 12:13:26+02,Subscribe for Meetup notifications
10154862659945953,2016-10-04 12:13:32+02,Subscribe
10154862659945953,2016-10-04 12:13:33+02,Thanks for subscribing! :)
10154862659945953,2016-10-04 12:13:34+02,You can manage your subscriptions later in the Settings menu.
10154862659945953,2016-10-04 12:13:35+02,You can type 'settings' or use the Menu below to get to the Settings menu.
10154862659945953,2016-10-04 12:13:44+02,"Subscribe for our newsletter., You are subscribed to meetup notifications."
10154862659945953,2016-10-04 12:13:44+02,settings
10155013561067103,2016-11-04 10:33:48+01,Get Started
10155013561067103,2016-11-04 10:33:55+01,"Hi Gabor, it's nice to meet you!"
10155013561067103,2016-11-04 10:33:56+01,"I'm Bot 207, but you can call me Floyd."
10155013561067103,2016-11-04 10:33:58+01,I'm here to assist you with meetup and chatbot related stuff.
10155013561067103,2016-11-04 10:34:10+01,See next meetup
10155013561067103,2016-11-04 10:34:11+01,Budapest Bots Meetup 1.2
10155013561067103,2016-11-04 10:34:23+01,Read bot articles
10155013561067103,2016-11-04 10:34:24+01,"Curated articles, Subscribe for our Messenger Newsletter, Intro to Chatbots"
10155013561067103,2016-11-04 10:34:41+01,Read only the best
10155013561067103,2016-11-04 10:34:42+01,"It's not over yet., How multi platform-thinking helped us to reach 100k bot users within 1 month, Designing for voice differs from traditional UX, The Beat on Bots: Human Answers to Bot Questions from MobileBeat 2016, Fragmentation could be the Achilles’ heel of bot technologies, An exclusive look at how artificial intelligence work at Apple, Everything you ever wanted to know about WeChat, The Future of Chat Isn’t AI, How digital agencies can benefit from the bot revolution, When One App Rules Them All: The Case of WeChat and Mobile in China"
10155013561067103,2016-11-04 10:35:18+01,Show more
10155013561067103,2016-11-04 10:35:19+01,Why Bots are the Ultimate Marketing Tool
10155016138454253,2016-10-21 12:48:34+02,"Hi Tamás, it's nice to meet you!"
10155016138454253,2016-10-21 12:48:36+02,"I'm Bot 207, but you can call me Floyd."
10155016138454253,2016-10-21 12:48:38+02,I'm here to assist you with meetup and chatbot related stuff.
10155016138454253,2016-10-21 12:49:09+02,See next meetup
10155016138454253,2016-10-21 12:49:09+02,Budapest Bots Meetup 1.2
10155016138454253,2016-10-21 12:49:14+02,nice
10155016138454253,2016-10-21 12:49:15+02,Thank you for assuming I will get that.
10155016138454253,2016-10-21 12:49:16+02,"Sadly, I don’t. Soooory. :("
10155046763464621,2016-10-05 15:35:26+02,Get Started
10155046763464621,2016-10-05 15:35:34+02,"Hi Csaba, it's nice to meet you!"
10155046763464621,2016-10-05 15:35:35+02,"I'm Bot 207, but you can call me Floyd."
10155046763464621,2016-10-05 15:35:37+02,I'm here to assist you with meetup and chatbot related stuff.
10155046763464621,2016-10-05 15:35:42+02,See next meetup
10155046763464621,2016-10-05 15:35:43+02,There are no upcoming Meetups scheduled right now.
10155046763464621,2016-10-05 15:35:44+02,Subscribe for Meetup notifications
10155046763464621,2016-10-05 15:35:50+02,Read bot articles
10155046763464621,2016-10-05 15:35:51+02,"Subscribe for our Messenger Newsletter, Curated articles, Intro to Chatbots"
10155046763464621,2016-10-05 15:35:54+02,Read bot articles
10155046763464621,2016-10-05 15:35:55+02,"Curated articles, Intro to Chatbots, Subscribe for our Messenger Newsletter"
10155046763464621,2016-10-05 15:35:59+02,Read only the best
10155046763464621,2016-10-05 15:36:00+02,"The Future of Chat Isn’t AI, Fragmentation could be the Achilles’ heel of bot technologies, Designing for voice differs from traditional UX, How multi platform-thinking helped us to reach 100k bot users within 1 month, When One App Rules Them All: The Case of WeChat and Mobile in China, It's not over yet., The Beat on Bots: Human Answers to Bot Questions from MobileBeat 2016, An exclusive look at how artificial intelligence work at Apple, Everything you ever wanted to know about WeChat, How digital agencies can benefit from the bot revolution"
10155046763464621,2016-10-05 15:36:05+02,Leave feedback
10155046763464621,2016-10-05 15:36:08+02,"I can pass on a message to my creators.
What would you like to send them?"
10155046763464621,2016-10-05 15:51:35+02,See next meetup
10155046763464621,2016-10-05 15:51:35+02,Incorrect input. Try again!
10155046763464621,2016-10-05 15:51:36+02,"I can pass on a message to my creators.
What would you like to send them?"
10155046763464621,2016-10-05 15:53:08+02,Ask a question
10155046763464621,2016-10-05 15:53:09+02,"Okay, I'm listening..."
10155046763464621,2016-10-05 15:53:09+02,So you want to ask a question.
10155046763464621,2016-10-06 11:41:34+02,Hi
10155046763464621,2016-10-06 11:41:41+02,"Hi, Csaba! How may I assist you?"
10155170352164276,2016-09-06 20:11:27+02,hi
10155170352164276,2016-09-06 20:11:35+02,yo
10155170352164276,2016-09-06 20:13:10+02,get started
10155170352164276,2016-09-07 12:58:41+02,"Hi Szilárd, sorry, yesterday I failed my masters. But they fixed me overnight so I am at your service. You can ask me stuff about the Budapest Bots Meetup, read and subscribe to chatbot related articles and send feedback to my creators. Hope to chat with you, it is kind of lonely here in the cloud."
10155170352164276,2016-09-07 17:20:08+02,yo
10155170352164276,2016-09-07 17:20:09+02,"Hi, Szilárd! How may I assist you?"
10155170352164276,2016-09-07 17:20:26+02,See next meetup
10155170352164276,2016-09-07 17:20:27+02,There are no upcoming Meetups scheduled right now.
10155170352164276,2016-09-07 17:20:29+02,Subscribe for Meetup notifications
10155170352164276,2016-09-07 17:20:33+02,Subscribe
10155170352164276,2016-09-07 17:20:34+02,Thanks for subscribing! :)
10155170352164276,2016-09-07 17:20:35+02,You can manage your subscriptions later in the Settings menu.
10155170352164276,2016-09-07 17:20:36+02,You can type 'settings' or use the Menu below to get to the Settings menu.
10155170352164276,2016-09-07 17:20:47+02,Settings
10155170352164276,2016-09-07 17:20:49+02,"You are subscribed to meetup notifications., Subscribe for our newsletter."
10208147833789793,2016-10-15 21:27:30+02,Get Started
10208147833789793,2016-10-15 21:27:39+02,"Hi Noémi, it's nice to meet you!"
10208147833789793,2016-10-15 21:27:40+02,"I'm Bot 207, but you can call me Floyd."
10208147833789793,2016-10-15 21:27:42+02,I'm here to assist you with meetup and chatbot related stuff.
10208147833789793,2016-10-15 21:28:01+02,Read bot articles
10208147833789793,2016-10-15 21:28:02+02,"Curated articles, Subscribe for our Messenger Newsletter, Intro to Chatbots"
10208147833789793,2016-10-15 21:28:24+02,Read only the best
10208147833789793,2016-10-15 21:28:26+02,"When One App Rules Them All: The Case of WeChat and Mobile in China, The Future of Chat Isn’t AI, Designing for voice differs from traditional UX, How multi platform-thinking helped us to reach 100k bot users within 1 month, The Beat on Bots: Human Answers to Bot Questions from MobileBeat 2016, How digital agencies can benefit from the bot revolution, Everything you ever wanted to know about WeChat, It's not over yet., Fragmentation could be the Achilles’ heel of bot technologies, An exclusive look at how artificial intelligence work at Apple"
10208147833789793,2016-10-19 15:24:13+02,Best ecommerce bots
10208147833789793,2016-10-19 15:24:20+02,"Sorry, I can’t understand that yet."
10208147833789793,2016-10-19 15:24:21+02,"My creators say I’m still in beta, whatever that means. :|"
10208147833789793,2016-10-19 16:45:14+02,"Hi, it's me, Matt, I'm taking over a bit for Floyd as he can be clunky with questions like these. If you'd like to chat about ecommerce bots, drop me a message at: m.me/matyas.szaszko      

By the way,have you seen eBay's new bot? https://shopbot.ebay.com/"
10208147833789793,2016-10-19 16:45:56+02,Best not to reply here as Floyd will think it's meant for him :| :D
10208669390276387,2016-10-13 09:36:29+02,"Hi TY, it's nice to meet you!"
10208669390276387,2016-10-13 09:36:32+02,"I'm Bot 207, but you can call me Floyd."
10208669390276387,2016-10-13 09:36:35+02,I'm here to assist you with meetup and chatbot related stuff.
10208669390276387,2016-10-13 09:36:39+02,See next meetup
10208669390276387,2016-10-13 09:36:41+02,Budapest Bots Meetup 1.2
10210757254182820,2016-09-06 20:41:09+02,Read bot articles
10210757254182820,2016-09-06 20:41:23+02,See next meetup
10210757254182820,2016-09-06 20:41:46+02,Settings
10210757254182820,2016-09-06 20:43:00+02,hi
10210757254182820,2016-09-06 20:43:11+02,See next meetup
10210757254182820,2016-09-06 20:43:33+02,Leave a feedback
10210757254182820,2016-09-07 09:16:15+02,See next meetup
10210757254182820,2016-09-07 09:16:24+02,There are no upcoming Meetups scheduled right now.
10210757254182820,2016-09-07 09:16:26+02,Subscribe for Meetup notifications
10210757254182820,2016-09-07 09:16:33+02,Subscribe
10210757254182820,2016-09-07 09:16:35+02,Thanks for subscribing! :)
10210757254182820,2016-09-07 09:16:36+02,You can manage your subscriptions later in the Settings menu.
10210757254182820,2016-09-07 09:16:38+02,You can type 'settings' or use the Menu below to get to the Settings menu.
10210757254182820,2016-09-07 09:16:45+02,Read bot articles
10210757254182820,2016-09-07 09:16:46+02,"Curated articles, Intro to Chatbots, Subscribe for our Messenger Newsletter"
10210757254182820,2016-09-07 09:16:50+02,Subscribe
10210757254182820,2016-09-07 09:16:51+02,Thanks for subscribing! :)
10210757254182820,2016-09-07 09:16:51+02,Good news! I have a gift for you.
10210757254182820,2016-09-07 09:16:53+02,Please accept a 20% discount coupon for ChatbotConf 2016!
10210757254182820,2016-09-07 09:16:57+02,You can learn about building bots like me and meet other cool Botmasters.
10210757254182820,2016-09-07 09:16:59+02,You can find your coupon and manage your subscriptions later in the Settings menu.
10210757254182820,2016-09-07 09:17:01+02,20% discount for ChatbotConf 2016
10210757254182820,2016-09-07 09:17:03+02,You can type 'settings' or use the Menu below to get to the Settings menu.
10210757254182820,2016-09-07 13:13:33+02,Read bot articles
10210757254182820,2016-09-07 13:13:35+02,"Intro to Chatbots, Curated articles"
10210757254182820,2016-09-07 13:13:40+02,Read only the best
10210757254182820,2016-09-07 13:13:41+02,"The Future of Chat Isn’t AI, An exclusive look at how artificial intelligence work at Apple, How digital agencies can benefit from the bot revolution, The Beat on Bots: Human Answers to Bot Questions from MobileBeat 2016, When One App Rules Them All: The Case of WeChat and Mobile in China, Everything you ever wanted to know about WeChat, How multi platform-thinking helped us to reach 100k bot users within 1 month, Designing for voice differs from traditional UX, It's not over yet., Fragmentation could be the Achilles’ heel of bot technologies"
10210757254182820,2016-11-25 12:23:38+01,hello
10210757254182820,2016-11-25 12:23:46+01,"Hi, Veronika! How may I assist you?"
10210757254182820,2016-11-25 12:23:52+01,Budapest Bots Meetup 1.2
10210757254182820,2016-11-25 12:23:52+01,See next meetup
10210757254182820,2016-11-25 12:24:03+01,Read bot articles
10210757254182820,2016-11-25 12:24:04+01,"Curated articles, Intro to Chatbots"
10210757254182820,2016-11-25 12:24:17+01,"On Chatbots, 2016 will be the year of Conversational Commerce, Bots won't replace apps. Better apps will replace apps, Life in the People’s Republic of WeChat, Bots are Better Without Conversation, China, Not Silicon Valley, Is Cutting Edge in Mobile Tech, It's not over yet., The Complete Beginner’s Guide To Chatbots, Why Chatbots will transform the world faster than Apps ever could, Moving away from chat: Hard-earned lessons"
10210757254182820,2016-11-25 12:24:17+01,Get up to speed
10210757254182820,2016-11-25 12:24:32+01,Read only the best
10210757254182820,2016-11-25 12:24:33+01,"The Future of Chat Isn’t AI, It's not over yet., Designing for voice differs from traditional UX, How digital agencies can benefit from the bot revolution, An exclusive look at how artificial intelligence work at Apple, How multi platform-thinking helped us to reach 100k bot users within 1 month, When One App Rules Them All: The Case of WeChat and Mobile in China, Everything you ever wanted to know about WeChat, The Beat on Bots: Human Answers to Bot Questions from MobileBeat 2016, Fragmentation could be the Achilles’ heel of bot technologies"
10211062192846047,2016-09-06 20:33:15+02,hi
10211062192846047,2016-09-06 20:41:23+02,See next meetup
10211062192846047,2016-09-06 20:41:32+02,Read bot articles
10211062192846047,2016-09-06 20:42:07+02,See next meetup
10211062192846047,2016-09-06 20:42:48+02,Hi
10211062192846047,2016-09-06 20:42:55+02,See next meetup
10211062192846047,2016-09-07 12:57:51+02,"Hi László, sorry, yesterday I failed my masters. But they fixed me overnight so I am at your service. You can ask me stuff about the Budapest Bots Meetup, read and subscribe to chatbot related articles and send feedback to my creators. Hope to chat with you, it is kind of lonely here in the cloud."
10211062192846047,2016-09-07 13:00:27+02,See next meetup
10211062192846047,2016-09-07 13:00:28+02,There are no upcoming Meetups scheduled right now.
10211062192846047,2016-09-07 13:00:30+02,Subscribe for Meetup notifications
10211062192846047,2016-09-07 13:01:41+02,Settings
10211062192846047,2016-09-07 13:01:43+02,"Subscribe for our newsletter., Subscribe for Meetup notifications"
10211062192846047,2016-09-07 13:01:54+02,Read bot articles
10211062192846047,2016-09-07 13:01:56+02,"Curated articles, Intro to Chatbots, Subscribe for our Messenger Newsletter"
10211062192846047,2016-09-07 13:02:07+02,Read only the best
10211062192846047,2016-09-07 13:02:08+02,"It's not over yet., When One App Rules Them All: The Case of WeChat and Mobile in China, An exclusive look at how artificial intelligence work at Apple, Designing for voice differs from traditional UX, The Beat on Bots: Human Answers to Bot Questions from MobileBeat 2016, How digital agencies can benefit from the bot revolution, Everything you ever wanted to know about WeChat, How multi platform-thinking helped us to reach 100k bot users within 1 month, The Future of Chat Isn’t AI, Fragmentation could be the Achilles’ heel of bot technologies"
10211062192846047,2016-11-25 12:23:53+01,hi
10211062192846047,2016-11-25 12:23:53+01,"Hi, Dániel László! How may I assist you?"
10211062192846047,2016-11-25 12:23:56+01,Read bot articles
10211062192846047,2016-11-25 12:23:57+01,"Subscribe for our Messenger Newsletter, Intro to Chatbots, Curated articles"
10211062192846047,2016-11-25 12:28:01+01,presentation
10211062192846047,2016-11-25 12:28:02+01,Let me look that up for you…
10211062192846047,2016-11-25 12:28:03+01,"Oh wait, I can’t, I’m still in beta, whatever that means. :|"
10211062192846047,2016-11-25 12:28:11+01,See next meetup
10211062192846047,2016-11-25 12:28:12+01,Budapest Bots Meetup 1.2
10211062192846047,2016-11-25 12:28:15+01,Read bot articles
10211062192846047,2016-11-25 12:28:16+01,"Intro to Chatbots, Curated articles, Subscribe for our Messenger Newsletter"
10211062192846047,2016-11-25 12:28:22+01,Read only the best
10211062192846047,2016-11-25 12:28:23+01,"Designing for voice differs from traditional UX, When One App Rules Them All: The Case of WeChat and Mobile in China, The Beat on Bots: Human Answers to Bot Questions from MobileBeat 2016, The Future of Chat Isn’t AI, How digital agencies can benefit from the bot revolution, Fragmentation could be the Achilles’ heel of bot technologies, It's not over yet., How multi platform-thinking helped us to reach 100k bot users within 1 month, Everything you ever wanted to know about WeChat, An exclusive look at how artificial intelligence work at Apple"
10211163389296856,2016-10-19 19:12:01+02,Indítás
10211163389296856,2016-10-19 19:12:11+02,"Hi Andras, it's nice to meet you!"
10211163389296856,2016-10-19 19:12:12+02,"I'm Bot 207, but you can call me Floyd."
10211163389296856,2016-10-19 19:12:13+02,I'm here to assist you with meetup and chatbot related stuff.
10211163389296856,2016-10-19 19:12:44+02,Let me look that up for you…
10211163389296856,2016-10-19 19:12:44+02,Are you human?
10211163389296856,2016-10-19 19:12:45+02,"Oh wait, I can’t, I’m still in beta, whatever that means. :|"
10211163389296856,2016-10-19 19:13:01+02,Good recovery
10211163389296856,2016-10-19 19:13:01+02,Does… not… compute…
10211163389296856,2016-10-19 19:13:02+02,"Just kidding, I’m not programmed to understand that. :D"
10211163389296856,2016-10-19 19:13:16+02,Cool! (y)
10211163389296856,2016-10-19 19:13:25+02,Love it! (y)
10211163389296856,2016-10-19 19:13:27+02,Right back at ya! (y)
10211163389296856,2016-10-19 19:13:32+02,Love it! (y)
10211250995647118,2016-11-07 13:12:50+01,"Hi István, it's nice to meet you!"
10211250995647118,2016-11-07 13:12:51+01,"I'm Bot 207, but you can call me Floyd."
10211250995647118,2016-11-07 13:12:53+01,I'm here to assist you with meetup and chatbot related stuff.
10211250995647118,2016-11-07 13:13:07+01,Read bot articles
10211250995647118,2016-11-07 13:13:08+01,"Subscribe for our Messenger Newsletter, Intro to Chatbots, Curated articles"
10211665897500386,2016-09-21 19:42:19+02,Indítás
10211665897500386,2016-09-21 19:42:21+02,"Hi Richárd, it's nice to meet you!"
10211665897500386,2016-09-21 19:42:22+02,"I'm Bot 207, but you can call me Floyd."
10211665897500386,2016-09-21 19:42:24+02,I'm here to assist you with meetup and chatbot related stuff.
10211665897500386,2016-09-21 19:42:26+02,See next meetup
10211665897500386,2016-09-21 19:42:27+02,There are no upcoming Meetups scheduled right now.
10211665897500386,2016-09-21 19:42:28+02,But you can always come to our weekly discussions. ;)
10211665897500386,2016-09-21 19:42:30+02,"Subscribe for Meetup notifications, Chatbot Wednesdays"
10211665897500386,2016-09-21 19:42:34+02,Subscribe
10211665897500386,2016-09-21 19:42:35+02,Thanks for subscribing! :)
10211665897500386,2016-09-21 19:42:36+02,You can manage your subscriptions later in the Settings menu.
10211665897500386,2016-09-21 19:42:37+02,You can type 'settings' or use the Menu below to get to the Settings menu.
10211923931113097,2016-09-06 20:11:25+02,Hi
10211923931113097,2016-09-07 12:59:07+02,"Hi Péter, sorry, yesterday I failed my masters. But they fixed me overnight so I am at your service. You can ask me stuff about the Budapest Bots Meetup, read and subscribe to chatbot related articles and send feedback to my creators. Hope to chat with you, it is kind of lonely here in the cloud."
10211923931113097,2016-09-07 13:23:49+02,Hi
10211923931113097,2016-09-07 13:23:50+02,"Hi, Péter! How may I assist you?"
10211923931113097,2016-09-07 13:23:52+02,See next meetup
10211923931113097,2016-09-07 13:23:53+02,There are no upcoming Meetups scheduled right now.
10211923931113097,2016-09-07 13:23:55+02,Subscribe for Meetup notifications
10211923931113097,2016-09-07 13:23:59+02,Subscribe
10211923931113097,2016-09-07 13:24:00+02,Thanks for subscribing! :)
10211923931113097,2016-09-07 13:24:02+02,You can manage your subscriptions later in the Settings menu.
10211923931113097,2016-09-07 13:24:03+02,You can type 'settings' or use the Menu below to get to the Settings menu.
10211923931113097,2016-09-07 13:24:26+02,Read bot articles
10211923931113097,2016-09-07 13:24:28+02,"Curated articles, Intro to Chatbots, Subscribe for our Messenger Newsletter"
10211923931113097,2016-09-07 13:24:36+02,Subscribe
10211923931113097,2016-09-07 13:24:37+02,Good news! I have a gift for you.
10211923931113097,2016-09-07 13:24:37+02,Thanks for subscribing! :)
10211923931113097,2016-09-07 13:24:38+02,Please accept a 20% discount coupon for ChatbotConf 2016!
10211923931113097,2016-09-07 13:24:42+02,You can learn about building bots like me and meet other cool Botmasters.
10211923931113097,2016-09-07 13:24:43+02,You can find your coupon and manage your subscriptions later in the Settings menu.
10211923931113097,2016-09-07 13:24:45+02,20% discount for ChatbotConf 2016
10211923931113097,2016-09-07 13:24:46+02,You can type 'settings' or use the Menu below to get to the Settings menu.
10212132905976106,2016-09-21 19:41:20+02,haho
10212132905976106,2016-09-21 19:41:28+02,"Sorry, I can’t understand that yet."
10212132905976106,2016-09-21 19:41:29+02,"My creators say I’m still in beta, whatever that means. :|"
10212132905976106,2016-09-21 19:41:36+02,"Hi Mark, it's nice to meet you!"
10212132905976106,2016-09-21 19:41:36+02,hi
10212132905976106,2016-09-21 19:41:37+02,"I'm Bot 207, but you can call me Floyd."
10212132905976106,2016-09-21 19:41:39+02,I'm here to assist you with meetup and chatbot related stuff.
10212132905976106,2016-12-14 08:57:38+01,hi
10212132905976106,2016-12-14 08:57:49+01,"Hi, Mark! How may I assist you?"
10212132905976106,2016-12-14 09:00:47+01,See next meetup
10212132905976106,2016-12-14 09:00:47+01,Budapest Bots Meetup 1.2
10212132905976106,2016-12-14 09:01:15+01,Read bot articles
10212132905976106,2016-12-14 09:01:16+01,"Subscribe for our Messenger Newsletter, Curated articles, Intro to Chatbots"
10212132905976106,2016-12-14 09:21:31+01,Leave feedback
10212132905976106,2016-12-14 09:21:32+01,"I can pass on a message to my creators.
What would you like to send them?"
10212221877413103,2016-09-06 20:12:19+02,Read bot articles
10212221877413103,2016-09-07 12:55:11+02,"Hi Bence, sorry, yesterday I failed my masters. But they fixed me overnight so I am at your service. You can ask me stuff about the Budapest Bots Meetup, read and subscribe to chatbot related articles and send feedback to my creators. Hope to chat with you, it is kind of lonely here in the cloud."
10212221877413103,2016-09-07 12:56:25+02,Hi
10212221877413103,2016-09-07 12:56:26+02,"Hi Bence, it's nice to meet you!"
10212221877413103,2016-09-07 12:56:27+02,"I'm Bot 207, but you can call me Floyd."
10212221877413103,2016-09-07 12:56:29+02,I'm here to assist you with meetup and chatbot related stuff.
10212221877413103,2016-09-07 12:57:09+02,See next meetup
10212221877413103,2016-09-07 12:57:10+02,There are no upcoming Meetups scheduled right now.
10212221877413103,2016-09-07 12:57:12+02,Subscribe for Meetup notifications
10212221877413103,2016-09-07 12:57:19+02,Subscribe
10212221877413103,2016-09-07 12:57:20+02,Thanks for subscribing! :)
10212221877413103,2016-09-07 12:57:22+02,You can manage your subscriptions later in the Settings menu.
10212221877413103,2016-09-07 12:57:23+02,You can type 'settings' or use the Menu below to get to the Settings menu.
10212273310768411,2016-09-06 20:12:08+02,Hello
10212273310768411,2016-09-06 20:13:00+02,Get started
10212273310768411,2016-09-07 12:58:59+02,"Hi Blanka, sorry, yesterday I failed my masters. But they fixed me overnight so I am at your service. You can ask me stuff about the Budapest Bots Meetup, read and subscribe to chatbot related articles and send feedback to my creators. Hope to chat with you, it is kind of lonely here in the cloud."
10212387896963517,2016-10-11 09:14:01+02,Get Started
10212387896963517,2016-10-11 09:14:06+02,"Hi Lihsin, it's nice to meet you!"
10212387896963517,2016-10-11 09:14:07+02,"I'm Bot 207, but you can call me Floyd."
10212387896963517,2016-10-11 09:14:07+02,My designation is Bot 207 but you can call me Floyd.
10212387896963517,2016-10-11 09:14:07+02,Who are you
10212387896963517,2016-10-11 09:14:09+02,I'm here to assist you with meetup and chatbot related stuff.
10212387896963517,2016-10-11 09:14:16+02,See next meetup
10212387896963517,2016-10-11 09:14:17+02,Budapest Bots Meetup 1.2
1239795412771817,2016-09-06 20:27:08+02,Hi
1239795412771817,2016-09-06 20:27:34+02,See next meetup
1239795412771817,2016-09-06 20:28:01+02,Do you hate me? :(((
1239795412771817,2016-09-06 20:28:08+02,Settings
1239795412771817,2016-09-07 12:58:19+02,"Hi Dániel, sorry, yesterday I failed my masters. But they fixed me overnight so I am at your service. You can ask me stuff about the Budapest Bots Meetup, read and subscribe to chatbot related articles and send feedback to my creators. Hope to chat with you, it is kind of lonely here in the cloud."
1296439623749180,2016-09-06 20:10:58+02,Hi
1296439623749180,2016-09-06 20:11:19+02,Read bot articles
1296439623749180,2016-09-06 20:12:18+02,Leave a feedback
1296439623749180,2016-09-06 20:13:06+02,Get started
1296439623749180,2016-09-06 20:13:22+02,Settings
1296439623749180,2016-09-06 20:33:14+02,See next meetup
1296439623749180,2016-09-07 12:58:11+02,"Hi Norbert, sorry, yesterday I failed my masters. But they fixed me overnight so I am at your service. You can ask me stuff about the Budapest Bots Meetup, read and subscribe to chatbot related articles and send feedback to my creators. Hope to chat with you, it is kind of lonely here in the cloud."
1296439623749180,2016-09-07 13:01:19+02,See next meetup
1296439623749180,2016-09-07 13:01:20+02,There are no upcoming Meetups scheduled right now.
1296439623749180,2016-09-07 13:01:22+02,Subscribe for Meetup notifications
1296439623749180,2016-09-07 13:01:28+02,Subscribe
1296439623749180,2016-09-07 13:01:29+02,Thanks for subscribing! :)
1296439623749180,2016-09-07 13:01:30+02,You can manage your subscriptions later in the Settings menu.
1296439623749180,2016-09-07 13:01:31+02,You can type 'settings' or use the Menu below to get to the Settings menu.
1296439623749180,2016-09-07 13:04:26+02,Read bot articles
1296439623749180,2016-09-07 13:04:27+02,"Subscribe for our Messenger Newsletter, Curated articles, Intro to Chatbots"
1296439623749180,2016-09-07 13:04:33+02,Read only the best
1296439623749180,2016-09-07 13:04:34+02,"It's not over yet., How digital agencies can benefit from the bot revolution, When One App Rules Them All: The Case of WeChat and Mobile in China, The Future of Chat Isn’t AI, An exclusive look at how artificial intelligence work at Apple, The Beat on Bots: Human Answers to Bot Questions from MobileBeat 2016, Everything you ever wanted to know about WeChat, Fragmentation could be the Achilles’ heel of bot technologies, How multi platform-thinking helped us to reach 100k bot users within 1 month, Designing for voice differs from traditional UX"
1296439623749180,2016-10-17 11:35:26+02,See next meetup
1296439623749180,2016-10-17 11:35:27+02,Budapest Bots Meetup 1.2
1296439623749180,2016-10-17 11:35:31+02,"Curated articles, Subscribe for our Messenger Newsletter, Intro to Chatbots"
1296439623749180,2016-10-17 11:35:31+02,Read bot articles
1296439623749180,2016-10-17 11:35:38+02,Subscribe
1296439623749180,2016-10-17 11:35:39+02,Good news! I have a gift for you.
1296439623749180,2016-10-17 11:35:39+02,Thanks for subscribing! :)
1296439623749180,2016-10-17 11:35:40+02,Please accept a 20% discount coupon for ChatbotConf 2016!
1296439623749180,2016-10-17 11:35:43+02,You can learn about building bots like me and meet other cool Botmasters.
1296439623749180,2016-10-17 11:35:44+02,You can find your coupon and manage your subscriptions later in the Settings menu.
1296439623749180,2016-10-17 11:35:46+02,20% discount for ChatbotConf 2016
1296439623749180,2016-10-17 11:35:47+02,You can type 'settings' or use the Menu below to get to the Settings menu.
1322084124515916,2016-10-17 09:26:21+02,"Hi Miklos, it's nice to meet you!"
1322084124515916,2016-10-17 09:26:22+02,"I'm Bot 207, but you can call me Floyd."
1322084124515916,2016-10-17 09:26:24+02,I'm here to assist you with meetup and chatbot related stuff.
1322084124515916,2016-10-17 09:26:35+02,hi
1322084124515916,2016-10-17 09:26:36+02,"Hi, Miklos! How may I assist you?"
1322084124515916,2016-10-17 09:26:43+02,Does… not… compute…
1322084124515916,2016-10-17 09:26:43+02,please send me some bot articles
1322084124515916,2016-10-17 09:26:45+02,"Just kidding, I’m not programmed to understand that. :D"
1322084124515916,2016-10-17 09:26:57+02,bot articles
1322084124515916,2016-10-17 09:26:58+02,Thank you for assuming I will get that.
1322084124515916,2016-10-17 09:26:59+02,"Sadly, I don’t. Soooory. :("
1322084124515916,2016-10-17 09:27:06+02,Read bot articles
1322084124515916,2016-10-17 09:27:07+02,"Subscribe for our Messenger Newsletter, Intro to Chatbots, Curated articles"
1322084124515916,2016-10-17 09:27:31+02,Subscribe
1322084124515916,2016-10-17 09:27:32+02,Good news! I have a gift for you.
1322084124515916,2016-10-17 09:27:32+02,Thanks for subscribing! :)
1322084124515916,2016-10-17 09:27:34+02,Please accept a 20% discount coupon for ChatbotConf 2016!
1322084124515916,2016-10-17 09:27:37+02,You can learn about building bots like me and meet other cool Botmasters.
1322084124515916,2016-10-17 09:27:38+02,You can find your coupon and manage your subscriptions later in the Settings menu.
1322084124515916,2016-10-17 09:27:40+02,20% discount for ChatbotConf 2016
1322084124515916,2016-10-17 09:27:42+02,You can type 'settings' or use the Menu below to get to the Settings menu.
1322084124515916,2016-10-17 09:27:58+02,Get up to speed
1322084124515916,2016-10-17 09:27:59+02,"The Complete Beginner’s Guide To Chatbots, 2016 will be the year of Conversational Commerce, Why Chatbots will transform the world faster than Apps ever could, Bots are Better Without Conversation, On Chatbots, Moving away from chat: Hard-earned lessons, Life in the People’s Republic of WeChat, It's not over yet., China, Not Silicon Valley, Is Cutting Edge in Mobile Tech, Bots won't replace apps. Better apps will replace apps"
1322084124515916,2016-10-17 09:28:40+02,i will be back
1322084124515916,2016-10-17 09:28:40+02,Let me look that up for you…
1322084124515916,2016-10-17 09:28:41+02,"Oh wait, I can’t, I’m still in beta, whatever that means. :|"
1322084124515916,2016-10-17 09:28:43+02,"I am here to assist you with meetup and chatbot related stuff.
I suppose we could talk about these topics:"
1402987433055191,2016-09-06 20:03:47+02,hi
1402987433055191,2016-09-06 20:04:03+02,Settings
1402987433055191,2016-09-06 20:12:09+02,hi
1402987433055191,2016-09-06 20:33:36+02,See next meetup
1402987433055191,2016-09-06 20:39:42+02,Settings
1402987433055191,2016-09-06 20:44:45+02,hi
1402987433055191,2016-09-06 22:44:44+02,See next meetup
1402987433055191,2016-09-06 23:46:11+02,Settings
1402987433055191,2016-09-06 23:46:22+02,Read bot articles
1402987433055191,2016-09-07 00:21:20+02,hi
1402987433055191,2016-09-07 08:34:18+02,See next meetup
1402987433055191,2016-09-07 08:34:19+02,There are no upcoming Meetups scheduled right now.
1402987433055191,2016-09-07 08:34:21+02,Subscribe for Meetup notifications
1402987433055191,2016-09-07 08:34:28+02,Subscribe
1402987433055191,2016-09-07 08:34:29+02,Thanks for subscribing! :)
1402987433055191,2016-09-07 08:34:31+02,You can manage your subscriptions later in the Settings menu.
1402987433055191,2016-09-07 08:34:32+02,You can type 'settings' or use the Menu below to get to the Settings menu.
1402987433055191,2016-09-07 08:34:41+02,hi
1402987433055191,2016-09-07 08:34:42+02,"Hi, Boldi! How may I assist you?"
1402987433055191,2016-09-07 08:34:51+02,Read bot articles
1402987433055191,2016-09-07 08:34:53+02,"Subscribe for our Messenger Newsletter, Curated articles, Intro to Chatbots"
1402987433055191,2016-09-07 08:35:01+02,Leave a feedback
1402987433055191,2016-09-07 08:35:03+02,"I can pass on a message to my creators.
What would you like to send them?"
1402987433055191,2016-09-07 08:35:09+02,Never mind.
1402987433055191,2016-09-07 08:35:10+02,"Okay, no worries. :) Feedback cancelled."
1402987433055191,2016-09-07 08:35:17+02,Settings
1402987433055191,2016-09-07 08:35:18+02,"You are subscribed to meetup notifications., Subscribe for our newsletter."
1402987433055191,2016-09-07 09:33:03+02,Leave a feedback
1402987433055191,2016-09-07 09:33:06+02,"I can pass on a message to my creators.
What would you like to send them?"
1402987433055191,2016-09-07 09:33:29+02,Send a message
1402987433055191,2016-09-07 09:33:30+02,So you want to send a message.
1402987433055191,2016-09-07 09:33:30+02,"Okay, I'm listening..."
1402987433055191,2016-09-07 09:34:06+02,"Thank you Boldi, I have passed this on to my creators."
1402987433055191,2016-09-07 09:58:29+02,hi
1402987433055191,2016-09-07 09:58:30+02,"Hi, Boldi! How may I assist you?"
1402987433055191,2016-09-07 09:58:35+02,Read bot articles
1402987433055191,2016-09-07 09:58:36+02,"Subscribe for our Messenger Newsletter, Curated articles, Intro to Chatbots"
1402987433055191,2016-09-07 09:58:47+02,Read only the best
1402987433055191,2016-09-07 09:58:49+02,"The Beat on Bots: Human Answers to Bot Questions from MobileBeat 2016, An exclusive look at how artificial intelligence work at Apple, How digital agencies can benefit from the bot revolution, Designing for voice differs from traditional UX, When One App Rules Them All: The Case of WeChat and Mobile in China, Everything you ever wanted to know about WeChat, It's not over yet., Fragmentation could be the Achilles’ heel of bot technologies, How multi platform-thinking helped us to reach 100k bot users within 1 month, The Future of Chat Isn’t AI"
1402987433055191,2016-09-07 10:00:01+02,Show more
1402987433055191,2016-09-07 10:00:02+02,Why Bots are the Ultimate Marketing Tool
1402987433055191,2016-09-09 11:24:36+02,Settings
1402987433055191,2016-09-09 11:24:46+02,"You are subscribed to meetup notifications., Subscribe for our newsletter."
1402987433055191,2016-09-09 11:25:14+02,See next meetup
1402987433055191,2016-09-09 11:25:15+02,There are no upcoming Meetups scheduled right now.
1402987433055191,2016-09-09 11:25:19+02,"You're subscribed for meetup notifications.
I'll notify you when there is a new meetup. ;)"
1402987433055191,2016-09-15 15:20:03+02,Settings
1402987433055191,2016-09-15 15:20:11+02,"You are subscribed to meetup notifications., Subscribe for our newsletter."
1402987433055191,2016-09-16 10:06:43+02,See next meetup
1402987433055191,2016-09-16 10:06:52+02,There are no upcoming Meetups scheduled right now.
1402987433055191,2016-09-16 10:06:54+02,"You're subscribed for meetup notifications.
I'll notify you when there is a new meetup. ;)"
1402987433055191,2016-09-16 10:06:55+02,Until then. You can always come to our weekly discussions. :)
1402987433055191,2016-09-16 10:06:57+02,Chatbot Wednesdays
1402987433055191,2016-10-08 14:52:32+02,Leave a feedback
1402987433055191,2016-10-08 14:52:42+02,"I can pass on a message to my creators.
What would you like to send them?"
1402987433055191,2016-10-08 14:52:51+02,Send a message
1402987433055191,2016-10-08 14:52:51+02,So you want to send a message.
1402987433055191,2016-10-08 14:52:52+02,"Okay, I'm listening..."
1402987433055191,2016-10-08 14:53:02+02,Never mind.
1402987433055191,2016-10-08 14:53:03+02,"Okay, no worries. :) Feedback cancelled."
1402987433055191,2016-10-08 14:53:09+02,Leave a feedback
1402987433055191,2016-10-08 14:53:12+02,"I can pass on a message to my creators.
What would you like to send them?"
1402987433055191,2016-10-08 14:53:14+02,Ask a question
1402987433055191,2016-10-08 14:53:15+02,So you want to ask a question.
1402987433055191,2016-10-08 14:53:15+02,"Okay, I'm listening..."
1402987433055191,2016-10-08 14:53:21+02,Never mind.
1402987433055191,2016-10-08 14:53:21+02,"Okay, no worries. :) Feedback cancelled."
1402987433055191,2016-10-08 14:53:24+02,Leave a feedback
1402987433055191,2016-10-08 14:53:27+02,"I can pass on a message to my creators.
What would you like to send them?"
1402987433055191,2016-10-08 14:53:36+02,Make a complaint
1402987433055191,2016-10-08 14:53:37+02,"Okay, I'm listening..."
1402987433055191,2016-10-08 14:53:37+02,So you want to make a complaint.
1402987433055191,2016-10-08 14:53:41+02,"Okay, no worries. :) Feedback cancelled."
1402987433055191,2016-10-08 14:53:41+02,Never mind.
1402987433055191,2016-10-08 15:01:51+02,Settings
1402987433055191,2016-10-08 15:01:52+02,"You are subscribed to meetup notifications., Subscribe for our newsletter."
1402987433055191,2016-10-08 15:02:07+02,Subscribe
1402987433055191,2016-10-08 15:02:08+02,Thanks for subscribing! :)
1402987433055191,2016-10-08 15:02:09+02,Good news! I have a gift for you.
1402987433055191,2016-10-08 15:02:10+02,Please accept a 20% discount coupon for ChatbotConf 2016!
1402987433055191,2016-10-08 15:02:13+02,You can learn about building bots like me and meet other cool Botmasters.
1402987433055191,2016-10-08 15:02:15+02,You can find your coupon and manage your subscriptions later in the Settings menu.
1402987433055191,2016-10-08 15:02:16+02,20% discount for ChatbotConf 2016
1402987433055191,2016-10-08 15:02:18+02,You can type 'settings' or use the Menu below to get to the Settings menu.
1402987433055191,2016-10-08 15:02:41+02,Leave a feedback
1402987433055191,2016-10-08 15:02:43+02,"I can pass on a message to my creators.
What would you like to send them?"
1402987433055191,2016-10-08 15:02:47+02,Never mind.
1402987433055191,2016-10-08 15:02:48+02,"Okay, no worries. :) Feedback cancelled."
1402987433055191,2016-10-08 15:03:01+02,Settings
1402987433055191,2016-10-08 15:03:02+02,"20% discount for ChatbotConf 2016, You are subscribed for the newsletter., You are subscribed to meetup notifications."
1402987433055191,2016-10-17 11:13:20+02,See next meetup
1402987433055191,2016-10-17 11:13:28+02,Budapest Bots Meetup 1.2
1402987433055191,2016-10-17 11:13:45+02,Settings
1402987433055191,2016-10-17 11:13:45+02,"You are subscribed to meetup notifications., You are subscribed for the newsletter., 20% discount for ChatbotConf 2016"
1402987433055191,2016-12-03 16:12:27+01,See next meetup
1402987433055191,2016-12-03 16:12:36+01,Budapest Bots Meetup 1.2
1402987433055191,2016-12-03 16:12:46+01,See next meetup
1402987433055191,2016-12-03 16:12:47+01,Budapest Bots Meetup 1.2
1402987433055191,2017-01-26 02:44:06+01,See next meetup
1402987433055191,2017-01-26 02:44:12+01,There are no upcoming Meetups scheduled right now.
1402987433055191,2017-01-26 02:44:34+01,Settings
1402987433055191,2017-01-26 02:44:35+01,"20% discount for ChatbotConf 2016, You are subscribed for the newsletter., You are subscribed to meetup notifications."
1402987433055191,2017-01-26 02:45:02+01,Read bot articles
1402987433055191,2017-01-26 02:45:03+01,"Intro to Chatbots, Curated articles"
1402987433055191,2017-01-26 02:45:13+01,Read only the best
1402987433055191,2017-01-26 02:45:14+01,"The Beat on Bots: Human Answers to Bot Questions from MobileBeat 2016, How multi platform-thinking helped us to reach 100k bot users within 1 month, Everything you ever wanted to know about WeChat, When One App Rules Them All: The Case of WeChat and Mobile in China, How digital agencies can benefit from the bot revolution, An exclusive look at how artificial intelligence work at Apple, Fragmentation could be the Achilles’ heel of bot technologies, The Future of Chat Isn’t AI, It's not over yet., Designing for voice differs from traditional UX"
1402987433055191,2017-02-06 18:34:39+01,See next meetup
1402987433055191,2017-02-06 18:34:51+01,Microsoft Bot Developer Workshop 1.
1402987433055191,2017-02-06 18:34:52+01,Leave a feedback
1402987433055191,2017-02-06 18:34:54+01,"I can pass on a message to my creators.
What would you like to send them?"
1402987433055191,2017-02-06 18:35:02+01,Send a message
1402987433055191,2017-02-06 18:35:03+01,"Okay, I'm listening..."
1402987433055191,2017-02-06 18:35:03+01,So you want to send a message.
1402987433055191,2017-02-06 18:35:13+01,Never mind.
1402987433055191,2017-02-06 18:35:14+01,"Okay, no worries. :) Feedback cancelled."
1402987433055191,2017-02-06 18:35:18+01,Leave a feedback
1402987433055191,2017-02-06 18:35:20+01,"I can pass on a message to my creators.
What would you like to send them?"
1402987433055191,2017-02-06 18:35:23+01,Ask a question
1402987433055191,2017-02-06 18:35:24+01,"Okay, I'm listening..."
1402987433055191,2017-02-06 18:35:24+01,So you want to ask a question.
1402987433055191,2017-02-06 18:35:27+01,Never mind.
1402987433055191,2017-02-06 18:35:28+01,"Okay, no worries. :) Feedback cancelled."
1402987433055191,2017-02-06 18:35:32+01,Leave a feedback
1402987433055191,2017-02-06 18:35:35+01,"I can pass on a message to my creators.
What would you like to send them?"
1402987433055191,2017-02-06 18:35:37+01,Make a complaint
1402987433055191,2017-02-06 18:35:38+01,So you want to make a complaint.
1402987433055191,2017-02-06 18:35:38+01,"Okay, I'm listening..."
1402987433055191,2017-02-06 18:35:40+01,Never mind.
1402987433055191,2017-02-06 18:35:41+01,"Okay, no worries. :) Feedback cancelled."
1402987433055191,2017-02-06 18:35:45+01,Settings
1402987433055191,2017-02-06 18:35:46+01,"20% discount for ChatbotConf 2016, You are subscribed for the newsletter., You are subscribed to meetup notifications."
1402987433055191,2017-02-06 18:35:53+01,Leave a feedback
1402987433055191,2017-02-06 18:35:55+01,"I can pass on a message to my creators.
What would you like to send them?"
1402987433055191,2017-02-06 18:36:00+01,Never mind.
1402987433055191,2017-02-06 18:36:02+01,"Okay, no worries. :) Feedback cancelled."
1419951834702763,2016-09-10 08:31:49+02,Get Started
1419951834702763,2016-09-10 08:31:57+02,"Hi Mahmoud, it's nice to meet you!"
1419951834702763,2016-09-10 08:31:58+02,"I'm Bot 207, but you can call me Floyd."
1419951834702763,2016-09-10 08:31:59+02,I'm here to assist you with meetup and chatbot related stuff.
1419951834702763,2016-09-10 08:32:12+02,Read bot articles
1419951834702763,2016-09-10 08:32:13+02,"Curated articles, Subscribe for our Messenger Newsletter, Intro to Chatbots"
1419951834702763,2016-09-10 08:32:23+02,Subscribe
1419951834702763,2016-09-10 08:32:24+02,Thanks for subscribing! :)
1419951834702763,2016-09-10 08:32:24+02,Good news! I have a gift for you.
1419951834702763,2016-09-10 08:32:25+02,Please accept a 20% discount coupon for ChatbotConf 2016!
1419951834702763,2016-09-10 08:32:28+02,You can learn about building bots like me and meet other cool Botmasters.
1419951834702763,2016-09-10 08:32:30+02,You can find your coupon and manage your subscriptions later in the Settings menu.
1419951834702763,2016-09-10 08:32:31+02,20% discount for ChatbotConf 2016
1419951834702763,2016-09-10 08:32:32+02,You can type 'settings' or use the Menu below to get to the Settings menu.
1478710472148238,2016-09-20 12:12:03+02,"Hi Csenger, it's nice to meet you!"
1478710472148238,2016-09-20 12:12:05+02,"I'm Bot 207, but you can call me Floyd."
1478710472148238,2016-09-20 12:12:07+02,I'm here to assist you with meetup and chatbot related stuff.
1478710472148238,2016-09-20 12:12:17+02,Settings
1478710472148238,2016-09-20 12:12:19+02,"Subscribe for our newsletter., Subscribe for Meetup notifications"
1478710472148238,2016-09-20 12:12:27+02,Subscribe
1478710472148238,2016-09-20 12:12:29+02,Thanks for subscribing! :)
1478710472148238,2016-09-20 12:12:30+02,You can manage your subscriptions later in the Settings menu.
1478710472148238,2016-09-20 12:12:31+02,You can type 'settings' or use the Menu below to get to the Settings menu.
1478710472148238,2016-09-20 12:12:43+02,See next meetup
1478710472148238,2016-09-20 12:12:44+02,There are no upcoming Meetups scheduled right now.
1478710472148238,2016-09-20 12:12:45+02,"You're subscribed for meetup notifications.
I'll notify you when there is a new meetup. ;)"
1478710472148238,2016-09-20 12:12:47+02,Until then. You can always come to our weekly discussions. :)
1478710472148238,2016-09-20 12:12:48+02,Chatbot Wednesdays
1478710472148238,2016-09-20 12:13:28+02,Read bot articles
1478710472148238,2016-09-20 12:13:29+02,"Curated articles, Intro to Chatbots, Subscribe for our Messenger Newsletter"
1478710472148238,2016-09-20 12:13:37+02,"Hi, Csenger! How may I assist you?"
1478710472148238,2016-09-20 12:13:37+02,hello
1478710472148238,2016-09-20 12:14:16+02,Read bot articles
1478710472148238,2016-09-20 12:14:17+02,"Subscribe for our Messenger Newsletter, Curated articles, Intro to Chatbots"
1478710472148238,2016-09-20 12:16:21+02,Read only the best
1478710472148238,2016-09-20 12:16:22+02,"The Beat on Bots: Human Answers to Bot Questions from MobileBeat 2016, It's not over yet., Everything you ever wanted to know about WeChat, How multi platform-thinking helped us to reach 100k bot users within 1 month, The Future of Chat Isn’t AI, When One App Rules Them All: The Case of WeChat and Mobile in China, Fragmentation could be the Achilles’ heel of bot technologies, How digital agencies can benefit from the bot revolution, Designing for voice differs from traditional UX, An exclusive look at how artificial intelligence work at Apple"
1554260331270719,2016-10-19 20:50:17+02,"Hi Gábor, it's nice to meet you!"
1554260331270719,2016-10-19 20:50:18+02,"I'm Bot 207, but you can call me Floyd."
1554260331270719,2016-10-19 20:50:19+02,I'm here to assist you with meetup and chatbot related stuff.
1554260331270719,2016-10-19 20:50:41+02,Budapest Bots Meetup 1.2
1554260331270719,2016-10-19 20:50:41+02,See next meetup
1559243937449370,2016-09-23 11:15:00+02,"Hi Andrew,

Thanks for signing up at www.botimize.io. We're still doing final polishing of our first release now, but of course we'll give you a heads up as one of our exclusive testers when we're ready! While you wait (we appreciate the patience), we'd like you to have a look at our intro here and give us some reflections if possible :D"
1559243937449370,2016-09-23 11:15:07+02,"Sorry, I can’t understand that yet."
1559243937449370,2016-09-23 11:15:08+02,"My creators say I’m still in beta, whatever that means. :|"
1559243937449370,2016-09-23 11:18:44+02,hahaha nice
1559243937449370,2016-09-23 11:18:44+02,Does… not… compute…
1559243937449370,2016-09-23 11:18:45+02,"Just kidding, I’m not programmed to understand that. :D"
1587030941311001,2016-09-06 20:11:40+02,Hey
1587030941311001,2016-09-06 20:12:20+02,Whats up?
1587030941311001,2016-09-06 20:12:27+02,Settings
1587030941311001,2016-09-06 20:12:34+02,See next meetup
1587030941311001,2016-09-06 20:12:47+02,Leave a feedback
1587030941311001,2016-09-06 20:12:58+02,Get started
1587030941311001,2016-09-06 20:25:33+02,See next meetup
1587030941311001,2016-09-06 23:31:08+02,See next meetup
1587030941311001,2016-09-07 10:22:22+02,See next meetup
1587030941311001,2016-09-07 10:22:23+02,There are no upcoming Meetups scheduled right now.
1587030941311001,2016-09-07 10:22:26+02,Subscribe for Meetup notifications
1587030941311001,2016-09-07 10:22:33+02,Settings
1587030941311001,2016-09-07 10:22:35+02,"Subscribe for our newsletter., Subscribe for Meetup notifications"
1587030941311001,2016-09-07 10:22:38+02,Subscribe
1587030941311001,2016-09-07 10:22:39+02,Thanks for subscribing! :)
1587030941311001,2016-09-07 10:22:41+02,You can manage your subscriptions later in the Settings menu.
1587030941311001,2016-09-07 10:22:42+02,You can type 'settings' or use the Menu below to get to the Settings menu.
1587030941311001,2016-09-07 10:22:52+02,Read bot articles
1587030941311001,2016-09-07 10:22:54+02,"Subscribe for our Messenger Newsletter, Curated articles, Intro to Chatbots"
1587030941311001,2016-09-07 10:23:06+02,Read only the best
1587030941311001,2016-09-07 10:23:08+02,"How digital agencies can benefit from the bot revolution, The Beat on Bots: Human Answers to Bot Questions from MobileBeat 2016, Everything you ever wanted to know about WeChat, An exclusive look at how artificial intelligence work at Apple, Designing for voice differs from traditional UX, When One App Rules Them All: The Case of WeChat and Mobile in China, The Future of Chat Isn’t AI, How multi platform-thinking helped us to reach 100k bot users within 1 month, It's not over yet., Fragmentation could be the Achilles’ heel of bot technologies"
1848872502059357,2016-10-29 21:47:33+02,Get Started
1848872502059357,2016-10-29 21:47:34+02,Get Started
1848872502059357,2016-10-29 21:47:42+02,"Hi Imran, it's nice to meet you!"
1848872502059357,2016-10-29 21:47:43+02,"I'm Bot 207, but you can call me Floyd."
1848872502059357,2016-10-29 21:47:45+02,I'm here to assist you with meetup and chatbot related stuff.
1848872502059357,2016-10-29 21:48:28+02,Hi its Imran u can call me bird
1848872502059357,2016-10-29 21:48:29+02,My designation is Bot 207 bot some of my fellow bots call me Floyd.
1848872502059357,2016-10-29 21:48:44+02,Budapest Bots Meetup 1.2
1848872502059357,2016-10-29 21:48:44+02,See next meetup
1848872502059357,2016-10-29 21:50:48+02,See next meetup
1848872502059357,2016-10-29 21:50:49+02,Budapest Bots Meetup 1.2
1848872502059357,2016-10-29 21:50:59+02,Read bot articles
1848872502059357,2016-10-29 21:51:00+02,"Curated articles, Intro to Chatbots, Subscribe for our Messenger Newsletter"
1848872502059357,2016-10-29 21:51:12+02,Settings
1848872502059357,2016-10-29 21:51:12+02,"Subscribe for Meetup notifications, Subscribe for our newsletter."
1897316010552546,2016-12-07 01:39:29+01,Get Started
1897316010552546,2016-12-07 01:39:38+01,"Hi Charlton, it's nice to meet you!"
1897316010552546,2016-12-07 01:39:39+01,"I'm Bot 207, but you can call me Floyd."
1897316010552546,2016-12-07 01:39:40+01,I'm here to assist you with meetup and chatbot related stuff.
1897316010552546,2016-12-07 01:39:59+01,See next meetup
1897316010552546,2016-12-07 01:40:00+01,Budapest Bots Meetup 1.2
1927080397524038,2016-09-08 20:35:34+02,"Hi Kristóf, it's nice to meet you!"
1927080397524038,2016-09-08 20:35:35+02,"I'm Bot 207, but you can call me Floyd."
1927080397524038,2016-09-08 20:35:37+02,I'm here to assist you with meetup and chatbot related stuff.
1927080397524038,2016-09-08 20:35:45+02,See next meetup
1927080397524038,2016-09-08 20:35:46+02,There are no upcoming Meetups scheduled right now.
1927080397524038,2016-09-08 20:35:47+02,Subscribe for Meetup notifications
1927080397524038,2016-09-08 20:35:53+02,Subscribe
1927080397524038,2016-09-08 20:35:54+02,Thanks for subscribing! :)
1927080397524038,2016-09-08 20:35:55+02,You can manage your subscriptions later in the Settings menu.
1927080397524038,2016-09-08 20:35:56+02,You can type 'settings' or use the Menu below to get to the Settings menu.
1927080397524038,2016-09-08 20:36:11+02,Settings
1927080397524038,2016-09-08 20:36:12+02,"Subscribe for our newsletter., You are subscribed to meetup notifications."
1927080397524038,2016-09-08 20:36:27+02,Read bot articles
1927080397524038,2016-09-08 20:36:28+02,"Curated articles, Subscribe for our Messenger Newsletter, Intro to Chatbots"
421814124825827,2016-10-25 03:59:12+02,Get Started
421814124825827,2016-10-25 03:59:21+02,"Hi Ladonna, it's nice to meet you!"
421814124825827,2016-10-25 03:59:21+02,"I'm Bot 207, but you can call me Floyd."
421814124825827,2016-10-25 03:59:23+02,I'm here to assist you with meetup and chatbot related stuff.
